,user_details
0,"
Name: Tammy Willard
Gender: Female
Date of birth: 1997-05-04
Interests: 'Technology', 'Politics', 'Music', 'Gardening'
City of residence: Şāmitah
Country: Saudi Arabia
"
1,"
Name: Stephen Vega
Gender: Female
Date of birth: 1958-01-03
Interests: 'Food and dining', 'Outdoor activities', 'DIY and crafts', 'Outdoor activities', 'DIY and crafts'
City of residence: Fos-sur-Mer
Country: France
"
2,"
Name: Vincent Cummins
Gender: Female
Date of birth: 1982-04-19
Interests: 'Pets'
City of residence: Sete Lagoas
Country: Brazil
"
3,"
Name: David Leon
Gender: Female
Date of birth: 1963-12-03
Interests: 'Movies', 'Art', 'Outdoor activities', 'Pets', 'Cooking'
City of residence: El Dorado
Country: United States
"
4,"
Name: Loni Calhoun
Gender: Female
Date of birth: 1972-05-15
Interests: 'Travel', 'Movies', 'Finance and investments'
City of residence: Arsikere
Country: India
"
5,"
Name: Harold Spain
Gender: Male
Date of birth: 1986-06-03
Interests: 'Politics', 'Health and wellness', 'Education and learning', 'Movies', 'Art'
City of residence: Neietsu
Country: South Korea
"
6,"
Name: William Williams
Gender: Male
Date of birth: 2002-10-13
Interests: 'Gardening', 'Fitness', 'Fashion', 'Art'
City of residence: Pinillos
Country: Colombia
"
7,"
Name: Brenda Roberts
Gender: Female
Date of birth: 1958-11-12
Interests: 'Cars and automobiles', 'Sports', 'History'
City of residence: Sulzbach-Rosenberg
Country: Germany
"
8,"
Name: Glen Haar
Gender: Female
Date of birth: 1970-05-22
Interests: 'DIY and crafts', 'Gaming'
City of residence: Mānsa
Country: India
"
9,"
Name: Christina Craft
Gender: Female
Date of birth: 1996-08-17
Interests: 'Cars and automobiles', 'Movies', 'Cars and automobiles', 'Education and learning', 'Science'
City of residence: Tire
Country: Turkey
"
10,"
Name: Crystal Mueller
Gender: Female
Date of birth: 1973-08-08
Interests: 'Fashion', 'Pets', 'Technology'
City of residence: Bucak
Country: Turkey
"
11,"
Name: Nancy Turcotte
Gender: Female
Date of birth: 1971-11-02
Interests: 'Fashion', 'Cooking', 'Social causes and activism', 'Sports', 'Social causes and activism'
City of residence: Ciudad Altamirano
Country: Mexico
"
12,"
Name: Arthur Staley
Gender: Female
Date of birth: 1991-12-07
Interests: 'Fitness', 'Beauty', 'Beauty', 'Music', 'Travel'
City of residence: Los Mochis
Country: Mexico
"
13,"
Name: Fidel Fernandez
Gender: Male
Date of birth: 1989-11-19
Interests: 'History', 'Music', 'Social causes and activism', 'DIY and crafts'
City of residence: Catacaos
Country: Peru
"
14,"
Name: Esther Lindsley
Gender: Male
Date of birth: 2000-09-15
Interests: 'Gardening', 'History', 'Finance and investments', 'Photography'
City of residence: Focșani
Country: Romania
"
15,"
Name: Matthew Hale
Gender: Male
Date of birth: 1999-06-05
Interests: 'Cars and automobiles', 'Finance and investments', 'Politics', 'Parenting and family'
City of residence: Dundee
Country: South Africa
"
16,"
Name: Shanice Adams
Gender: Female
Date of birth: 1961-04-07
Interests: 'Business and entrepreneurship', 'Food and dining', 'Food and dining'
City of residence: Troisdorf
Country: Germany
"
17,"
Name: Albert Mclaughlin
Gender: Male
Date of birth: 1989-07-26
Interests: 'Fashion', 'Social causes and activism', 'Fashion', 'Pets', 'Fitness'
City of residence: Bouarfa
Country: Morocco
"
18,"
Name: Kellie Brown
Gender: Female
Date of birth: 1967-09-28
Interests: 'Books'
City of residence: Novokuybyshevsk
Country: Russia
"
19,"
Name: Vera Yang
Gender: Male
Date of birth: 1970-05-18
Interests: 'Parenting and family', 'Beauty', 'Nature', 'Travel'
City of residence: San Antonio
Country: United States
"
20,"
Name: Abel Conda
Gender: Male
Date of birth: 2001-10-16
Interests: 'Photography', 'Fitness', 'Books', 'History'
City of residence: Pachino
Country: Italy
"
21,"
Name: Ernesto King
Gender: Male
Date of birth: 1990-05-07
Interests: 'Science', 'Sports', 'Fashion', 'Travel', 'History'
City of residence: Saint-Fons
Country: France
"
22,"
Name: Joel Beaudry
Gender: Female
Date of birth: 1954-10-08
Interests: 'Fashion', 'Music', 'Parenting and family'
City of residence: West Hills
Country: United States
"
23,"
Name: Susan Guerrero
Gender: Male
Date of birth: 1955-01-01
Interests: 'Social causes and activism', 'Parenting and family', 'History'
City of residence: As Sulayyil
Country: Saudi Arabia
"
24,"
Name: Taryn Collins
Gender: Female
Date of birth: 1980-10-08
Interests: 'Fitness'
City of residence: Quthbullapur
Country: India
"
25,"
Name: Josephine Marker
Gender: Female
Date of birth: 1959-04-22
Interests: 'Sports', 'Politics', 'Movies', 'Nature', 'Technology'
City of residence: Limache
Country: Chile
"
26,"
Name: Sarah Tate
Gender: Female
Date of birth: 2000-03-08
Interests: 'DIY and crafts', 'Technology', 'Gaming', 'Parenting and family'
City of residence: Cañon City
Country: United States
"
27,"
Name: Emma Morales
Gender: Female
Date of birth: 1986-02-23
Interests: 'Fashion', 'Fitness', 'Books', 'Photography'
City of residence: Fordon
Country: Poland
"
28,"
Name: Eric Martin
Gender: Male
Date of birth: 1989-07-26
Interests: 'Music'
City of residence: Ōmura
Country: Japan
"
29,"
Name: Teresa Brown
Gender: Female
Date of birth: 1986-12-23
Interests: 'Finance and investments'
City of residence: Mombetsu
Country: Japan
"
30,"
Name: Julie Brown
Gender: Male
Date of birth: 1982-06-07
Interests: 'Food and dining', 'Gaming'
City of residence: Bukittinggi
Country: Indonesia
"
31,"
Name: Denise Kennedy
Gender: Female
Date of birth: 1965-08-07
Interests: 'Gaming', 'Photography'
City of residence: Dhūri
Country: India
"
32,"
Name: Laurence Jeter
Gender: Male
Date of birth: 1954-01-10
Interests: 'Social causes and activism'
City of residence: Vilnohirsk
Country: Ukraine
"
33,"
Name: Robert Sorenson
Gender: Male
Date of birth: 1954-09-04
Interests: 'Fashion', 'Pets', 'Fitness'
City of residence: Nawalgarh
Country: India
"
34,"
Name: Donald Jones
Gender: Female
Date of birth: 1972-07-15
Interests: 'Technology', 'Music', 'Cars and automobiles'
City of residence: Wharton
Country: United States
"
35,"
Name: Miriam Cruce
Gender: Male
Date of birth: 1993-01-01
Interests: 'Fashion', 'Photography'
City of residence: Panji
Country: Indonesia
"
36,"
Name: Manuel Crawford
Gender: Female
Date of birth: 1985-03-31
Interests: 'Music'
City of residence: Cypress
Country: United States
"
37,"
Name: Eli Foltz
Gender: Female
Date of birth: 1960-11-15
Interests: 'Food and dining', 'Movies'
City of residence: Pindi Gheb
Country: Pakistan
"
38,"
Name: Viola Saucedo
Gender: Female
Date of birth: 1987-11-05
Interests: 'Fashion', 'Sports', 'Pets', 'Business and entrepreneurship'
City of residence: Sotteville-lès-Rouen
Country: France
"
39,"
Name: Maynard Burdette
Gender: Male
Date of birth: 1966-01-28
Interests: 'Food and dining', 'Gardening'
City of residence: Lijun
Country: China
"
40,"
Name: Orlando Mccaughey
Gender: Male
Date of birth: 1992-09-29
Interests: 'Music'
City of residence: Itapira
Country: Brazil
"
41,"
Name: Antoine Anderson
Gender: Male
Date of birth: 1982-07-17
Interests: 'Fashion', 'Movies'
City of residence: University City
Country: United States
"
42,"
Name: David Lindell
Gender: Male
Date of birth: 1957-09-04
Interests: 'Art'
City of residence: Chengam
Country: India
"
43,"
Name: Louise Frick
Gender: Male
Date of birth: 1998-05-19
Interests: 'Movies', 'Education and learning'
City of residence: Santana de Parnaíba
Country: Brazil
"
44,"
Name: William Manzo
Gender: Male
Date of birth: 1958-04-30
Interests: 'Business and entrepreneurship', 'Parenting and family', 'Music', 'Music'
City of residence: Lembang
Country: Indonesia
"
45,"
Name: Ollie Hughes
Gender: Male
Date of birth: 1986-07-30
Interests: 'Fashion', 'Books', 'Nature', 'Fitness', 'Photography'
City of residence: Gagny
Country: France
"
46,"
Name: Carol Amos
Gender: Male
Date of birth: 1963-01-06
Interests: 'Gaming', 'Books'
City of residence: Bastī
Country: India
"
47,"
Name: Marion Washington
Gender: Male
Date of birth: 2002-01-14
Interests: 'Health and wellness', 'Music', 'DIY and crafts', 'Education and learning'
City of residence: Bowie
Country: United States
"
48,"
Name: Mitchell Ibarra
Gender: Male
Date of birth: 1956-04-23
Interests: 'DIY and crafts', 'Outdoor activities'
City of residence: Shijiazhuang
Country: China
"
49,"
Name: Ruben Guenther
Gender: Male
Date of birth: 1977-11-10
Interests: 'Photography', 'Finance and investments', 'Travel', 'Finance and investments', 'Cooking'
City of residence: Carrières-sous-Poissy
Country: France
"
50,"
Name: Casey Edlin
Gender: Female
Date of birth: 1984-02-04
Interests: 'Education and learning', 'Gaming'
City of residence: Finglas
Country: Ireland
"
51,"
Name: Justin Miller
Gender: Female
Date of birth: 1990-06-26
Interests: 'Nature'
City of residence: Ivoti
Country: Brazil
"
52,"
Name: Jesus Sanders
Gender: Female
Date of birth: 1962-09-25
Interests: 'Parenting and family', 'Music'
City of residence: Shima
Country: China
"
53,"
Name: William Thruman
Gender: Male
Date of birth: 1954-03-31
Interests: 'Technology', 'Business and entrepreneurship', 'Health and wellness', 'Finance and investments'
City of residence: Foso
Country: Ghana
"
54,"
Name: Jacqueline Carol
Gender: Male
Date of birth: 1960-10-11
Interests: 'Sports', 'Photography'
City of residence: Gagny
Country: France
"
55,"
Name: Zane Taylor
Gender: Female
Date of birth: 1985-05-21
Interests: 'Gardening', 'Technology', 'DIY and crafts', 'Business and entrepreneurship', 'Fitness'
City of residence: Engadine
Country: Australia
"
56,"
Name: Helen Bishop
Gender: Female
Date of birth: 1986-07-09
Interests: 'Travel', 'Science', 'Health and wellness'
City of residence: Burnie
Country: Australia
"
57,"
Name: Joseph Pearson
Gender: Female
Date of birth: 2003-11-11
Interests: 'Books', 'Gardening', 'History', 'Movies'
City of residence: Somerset
Country: United States
"
58,"
Name: Casey Tornatore
Gender: Female
Date of birth: 1996-06-01
Interests: 'Social causes and activism', 'Nature', 'Books', 'Beauty', 'Beauty'
City of residence: Rahim Yar Khan
Country: Pakistan
"
59,"
Name: Christopher Booker
Gender: Male
Date of birth: 1961-02-19
Interests: 'Education and learning', 'Gardening'
City of residence: Qiryat Mal’akhi
Country: Israel
"
60,"
Name: Elizabeth Godwin
Gender: Male
Date of birth: 1963-05-05
Interests: 'Gaming', 'Art', 'Fashion', 'Parenting and family'
City of residence: Albany Park
Country: United States
"
61,"
Name: Robert Browne
Gender: Male
Date of birth: 2004-07-06
Interests: 'Cars and automobiles', 'Science', 'Cooking', 'DIY and crafts', 'Fashion'
City of residence: Neira
Country: Colombia
"
62,"
Name: John Land
Gender: Female
Date of birth: 1995-08-12
Interests: 'Books'
City of residence: Ariguaní
Country: Colombia
"
63,"
Name: Frank Shaw
Gender: Male
Date of birth: 1992-07-28
Interests: 'Parenting and family', 'Education and learning', 'Food and dining', 'Science', 'Fashion'
City of residence: El Viejo
Country: Nicaragua
"
64,"
Name: Stevie Crawford
Gender: Female
Date of birth: 1982-03-02
Interests: 'Health and wellness'
City of residence: Cajueiro
Country: Brazil
"
65,"
Name: Jose Alderman
Gender: Male
Date of birth: 1993-11-04
Interests: 'Fashion'
City of residence: Al Wāsiţah
Country: Egypt
"
66,"
Name: Jennifer Wagner
Gender: Male
Date of birth: 1987-02-01
Interests: 'Travel', 'Music', 'Art', 'Art'
City of residence: Surrey
Country: Canada
"
67,"
Name: Joan Livermore
Gender: Male
Date of birth: 1955-04-11
Interests: 'Health and wellness', 'DIY and crafts', 'Art'
City of residence: Sakura
Country: Japan
"
68,"
Name: Daniel Francis
Gender: Female
Date of birth: 1965-11-28
Interests: 'Movies', 'Gardening', 'Music'
City of residence: Kampung Ayer Keroh
Country: Malaysia
"
69,"
Name: Ruby Toth
Gender: Female
Date of birth: 1968-11-02
Interests: 'Social causes and activism', 'Fitness', 'Travel', 'Sports'
City of residence: Mawāna
Country: India
"
70,"
Name: Theresa Mcvey
Gender: Female
Date of birth: 1969-01-29
Interests: 'Beauty'
City of residence: Aliwal North
Country: South Africa
"
71,"
Name: Esther Kraus
Gender: Female
Date of birth: 1986-01-27
Interests: 'Science', 'Fitness'
City of residence: Yongbei
Country: China
"
72,"
Name: Rick Doran
Gender: Female
Date of birth: 1955-06-17
Interests: 'Movies', 'Movies', 'History', 'Business and entrepreneurship'
City of residence: Orekhovo-Zuyevo
Country: Russia
"
73,"
Name: Claude Pope
Gender: Female
Date of birth: 2001-01-02
Interests: 'Politics', 'Books', 'Health and wellness'
City of residence: Bhairab Bāzār
Country: Bangladesh
"
74,"
Name: Tina Sherwood
Gender: Female
Date of birth: 1976-11-06
Interests: 'Pets', 'Fitness'
City of residence: Muhammadābād
Country: India
"
75,"
Name: George Sweeney
Gender: Female
Date of birth: 1974-06-19
Interests: 'Beauty', 'Movies', 'DIY and crafts'
City of residence: Takanabe
Country: Japan
"
76,"
Name: Lloyd Spence
Gender: Female
Date of birth: 1983-04-19
Interests: 'Finance and investments', 'Art', 'Art', 'Movies', 'Politics'
City of residence: Sehore
Country: India
"
77,"
Name: Thomas Lembo
Gender: Male
Date of birth: 1995-11-27
Interests: 'Outdoor activities', 'Politics', 'Parenting and family'
City of residence: Victoria de Durango
Country: Mexico
"
78,"
Name: Stephen Boss
Gender: Male
Date of birth: 1968-07-15
Interests: 'Technology'
City of residence: Nishi-Tokyo-shi
Country: Japan
"
79,"
Name: Eugene Obrien
Gender: Female
Date of birth: 1981-01-18
Interests: 'Cars and automobiles', 'Art'
City of residence: Mansfield
Country: United States
"
80,"
Name: Olga Wattles
Gender: Female
Date of birth: 1993-10-31
Interests: 'Finance and investments', 'Movies', 'Business and entrepreneurship'
City of residence: Deogarh
Country: India
"
81,"
Name: Joshua Thompson
Gender: Female
Date of birth: 1955-04-29
Interests: 'Cooking', 'Pets', 'Politics', 'History', 'Pets'
City of residence: Campina Grande do Sul
Country: Brazil
"
82,"
Name: Gregg Rice
Gender: Male
Date of birth: 1985-12-14
Interests: 'Technology', 'Sports', 'Politics'
City of residence: Lishui
Country: China
"
83,"
Name: Cory Atkinson
Gender: Female
Date of birth: 1994-12-20
Interests: 'Photography', 'Movies', 'Health and wellness'
City of residence: Baise
Country: China
"
84,"
Name: Sue Petrarca
Gender: Female
Date of birth: 1996-12-20
Interests: 'Food and dining', 'Parenting and family', 'Cooking'
City of residence: Carúpano
Country: Venezuela
"
85,"
Name: Brian Fontenot
Gender: Female
Date of birth: 1964-12-07
Interests: 'History', 'Travel'
City of residence: Viamão
Country: Brazil
"
86,"
Name: Charles Welling
Gender: Female
Date of birth: 1998-05-15
Interests: 'Pets'
City of residence: Bragança
Country: Portugal
"
87,"
Name: Connie Hodge
Gender: Male
Date of birth: 1977-06-18
Interests: 'Gaming', 'Fitness', 'Movies', 'Education and learning'
City of residence: Encinitas
Country: United States
"
88,"
Name: Nicole Morrow
Gender: Female
Date of birth: 1959-05-05
Interests: 'Nature', 'Health and wellness'
City of residence: Dushanbe
Country: Tajikistan
"
89,"
Name: James Schiefelbein
Gender: Male
Date of birth: 1966-12-27
Interests: 'Pets', 'Sports', 'Movies', 'Fashion'
City of residence: Bagnols-sur-Cèze
Country: France
"
90,"
Name: Barbara Whitaker
Gender: Female
Date of birth: 1990-05-25
Interests: 'Sports'
City of residence: Arzamas
Country: Russia
"
91,"
Name: Amber Williams
Gender: Male
Date of birth: 1995-01-04
Interests: 'Outdoor activities', 'Fashion', 'Art'
City of residence: Lüderitz
Country: Namibia
"
92,"
Name: Evelyn Johnson
Gender: Female
Date of birth: 1959-06-09
Interests: 'Gardening', 'Beauty'
City of residence: Neapoli
Country: Greece
"
93,"
Name: Jaime Church
Gender: Male
Date of birth: 1991-02-16
Interests: 'Gardening', 'Fashion'
City of residence: Jalālpur
Country: India
"
94,"
Name: Kim Young
Gender: Female
Date of birth: 1998-02-01
Interests: 'Parenting and family', 'Nature', 'Gardening', 'Politics', 'Pets'
City of residence: Jāmuria
Country: India
"
95,"
Name: Mike England
Gender: Female
Date of birth: 1995-10-14
Interests: 'Science', 'Parenting and family', 'Fashion', 'Education and learning', 'History'
City of residence: El Cerrito
Country: United States
"
96,"
Name: Gloria Franco
Gender: Female
Date of birth: 2001-03-03
Interests: 'Education and learning', 'Business and entrepreneurship', 'Music', 'Health and wellness', 'History'
City of residence: Albano Laziale
Country: Italy
"
97,"
Name: Linda Oconnor
Gender: Female
Date of birth: 1967-08-12
Interests: 'Fashion'
City of residence: Tuusula
Country: Finland
"
98,"
Name: Gary Leal
Gender: Male
Date of birth: 1956-02-13
Interests: 'Health and wellness', 'Art', 'Food and dining', 'Food and dining', 'Gardening'
City of residence: Starnberg
Country: Germany
"
99,"
Name: Steven Quigley
Gender: Male
Date of birth: 1980-01-07
Interests: 'Books', 'History'
City of residence: Nellore
Country: India
"
